id,date,price,bedrooms,bathrooms,sqft_living,sqft_lot,floors,waterfront,view,condition,grade,sqft_above,sqft_basement,yr_built,yr_renovated,zipcode,lat,long,sqft_living15,sqft_lot15,neighborhood,city
9212900260,20140527T000000,468000.0,2,1.0,1160,6000,1.0,0,0,4,7,860,300,1942,0,98115,47.69,-122.292,1330,6000,Wedgwood,Seattle
5101402488,20140624T000000,438000.0,3,1.75,1520,6380,1.0,0,0,3,7,790,730,1948,0,98115,47.695,-122.304,1520,6235,Wedgwood,Seattle
461000390,20140624T000000,687500.0,4,1.75,2330,5000,1.5,0,0,4,7,1510,820,1929,0,98117,47.6823,-122.368,1460,5000,Whittier Heights,Seattle
7589200193,20141110T000000,535000.0,3,1.0,1090,3000,1.5,0,0,4,8,1090,0,1929,0,98117,47.6889,-122.375,1570,5080,Whittier Heights,Seattle
5200100125,20141027T000000,555000.0,3,2.0,1980,3478,1.5,0,0,4,7,1440,540,1929,0,98117,47.6775,-122.372,1610,3478,Whittier Heights,Seattle
546000875,20140523T000000,460000.0,3,1.0,1670,4005,1.5,0,0,4,7,1170,500,1939,0,98117,47.6878,-122.38,1240,4005,Whittier Heights,Seattle
7920100045,20140516T000000,350000.0,1,1.0,700,5100,1.0,0,0,3,7,700,0,1942,0,98115,47.679,-122.3,1010,5100,Wedgwood,Seattle
7899800890,20150226T000000,181000.0,2,1.5,720,5120,1.0,0,0,3,6,720,0,1954,0,98106,47.5218,-122.357,1150,2566,Highland Park,Seattle
7972601890,20141020T000000,385000.0,4,1.75,2360,7620,1.0,0,0,4,7,1180,1180,1955,0,98106,47.5278,-122.345,1910,7620,Highland Park,Seattle
7974200510,20140814T000000,415000.0,2,1.0,1070,4500,1.0,0,0,3,7,1070,0,1937,0,98115,47.6802,-122.29,1320,4465,Wedgwood,Seattle
7972600860,20141210T000000,345000.0,4,1.0,1550,7620,1.5,0,0,3,7,1550,0,1957,0,98106,47.5287,-122.35,1450,7620,Highland Park,Seattle
6844700810,20140901T000000,438924.0,3,1.5,1050,4590,1.0,0,0,3,7,850,200,1949,0,98115,47.6943,-122.29,1770,5400,Wedgwood,Seattle
7899800860,20150319T000000,259950.0,2,2.0,1070,649,2.0,0,0,3,9,720,350,2008,0,98106,47.5213,-122.357,1070,928,Highland Park,Seattle
461001615,20150225T000000,605000.0,2,1.75,1760,5000,1.0,0,0,4,7,940,820,1927,0,98117,47.682,-122.372,1530,5000,Whittier Heights,Seattle
1623300160,20140506T000000,450000.0,2,2.0,1100,3000,1.5,0,0,3,7,1100,0,1912,2005,98117,47.6797,-122.362,1390,4000,Whittier Heights,Seattle
880000189,20140811T000000,209000.0,3,2.0,1230,1340,2.0,0,0,3,7,1020,210,2003,0,98106,47.526,-122.361,1260,1312,Highland Park,Seattle
2115200125,20140919T000000,384000.0,4,1.75,2100,7135,1.0,0,0,4,7,1050,1050,1955,0,98106,47.5353,-122.349,1730,4000,Highland Park,Seattle
4302200695,20140828T000000,270000.0,2,1.0,1000,10320,1.0,0,0,3,6,1000,0,1943,0,98106,47.527,-122.356,1100,5160,Highland Park,Seattle
461004720,20150422T000000,563000.0,3,2.0,1380,5000,1.5,0,0,4,7,1380,0,1917,0,98117,47.6807,-122.369,1350,5000,Whittier Heights,Seattle
5309101200,20140605T000000,620000.0,4,2.25,2400,5350,1.5,0,0,4,7,1460,940,1929,0,98117,47.6763,-122.37,1250,4880,Whittier Heights,Seattle
7831800505,20150106T000000,200000.0,3,1.0,1230,4380,1.0,0,0,3,6,1230,0,1947,0,98106,47.5352,-122.361,1525,6026,Highland Park,Seattle
2112700030,20141126T000000,357000.0,5,2.75,1540,4000,1.0,0,0,3,7,1140,400,1990,0,98106,47.533,-122.354,1630,4000,Highland Park,Seattle
5309100140,20140624T000000,880000.0,4,2.5,3030,3841,3.0,0,0,3,9,3030,0,2005,0,98117,47.6781,-122.369,1080,4922,Whittier Heights,Seattle
2919702075,20140925T000000,532500.0,3,1.75,1620,3360,1.0,0,0,5,7,980,640,1927,0,98117,47.6886,-122.361,1400,3840,Whittier Heights,Seattle
6392001670,20140611T000000,588000.0,4,2.0,1680,5000,1.0,0,0,3,7,980,700,1950,0,98115,47.6858,-122.286,1680,6000,Wedgwood,Seattle
6844703240,20140702T000000,1075000.0,3,2.5,3280,10302,1.0,0,0,3,10,1680,1600,1970,0,98115,47.6948,-122.286,1550,6300,Wedgwood,Seattle
6392003490,20140723T000000,433500.0,3,1.0,1230,6000,1.0,0,0,4,7,780,450,1937,0,98115,47.6839,-122.281,1570,5000,Wedgwood,Seattle
3298700125,20140905T000000,280000.0,2,1.0,910,4662,1.0,0,0,5,6,910,0,1942,0,98106,47.5232,-122.354,890,6050,Highland Park,Seattle
546000400,20150422T000000,515000.0,5,2.5,1690,2402,1.5,0,0,3,7,990,700,1930,0,98117,47.6903,-122.38,1200,4005,Whittier Heights,Seattle
2919700885,20140826T000000,459000.0,4,2.0,1560,3840,1.0,0,0,4,6,960,600,1924,0,98117,47.6882,-122.365,1560,4800,Whittier Heights,Seattle
5363200200,20150402T000000,932800.0,5,3.25,2980,7095,2.5,0,0,3,9,2980,0,1998,2007,98115,47.6919,-122.294,1670,7140,Wedgwood,Seattle
7972600765,20140625T000000,352000.0,4,1.0,1530,8890,1.0,0,0,3,7,980,550,1925,0,98106,47.5308,-122.35,1100,5203,Highland Park,Seattle
8815400105,20140603T000000,500000.0,3,1.75,1620,4200,1.0,0,0,5,7,830,790,1945,0,98115,47.6743,-122.285,1580,5000,Wedgwood,Seattle
5101402482,20140724T000000,520000.0,4,2.0,2000,6380,2.0,0,0,4,6,1860,140,1949,0,98115,47.6956,-122.303,1600,6380,Wedgwood,Seattle
1513800036,20140516T000000,799000.0,4,3.25,3120,5000,2.0,0,0,3,9,2370,750,2005,0,98115,47.69,-122.299,2520,6000,Wedgwood,Seattle
2115200160,20140605T000000,445000.0,4,2.5,2340,3784,2.0,0,0,3,8,2340,0,2008,0,98106,47.535,-122.348,1730,4000,Highland Park,Seattle
2113700060,20141014T000000,400000.0,4,2.5,2350,3904,2.5,0,0,3,7,2350,0,1999,0,98106,47.5305,-122.351,1120,4000,Highland Park,Seattle
6844703410,20140924T000000,587500.0,4,2.25,1780,6120,1.0,0,0,3,8,1310,470,1951,0,98115,47.6955,-122.287,1780,6120,Wedgwood,Seattle
461002025,20150501T000000,501000.0,2,2.0,1300,2500,1.0,0,0,4,7,770,530,1926,0,98117,47.6831,-122.373,1160,5000,Whittier Heights,Seattle
1623300765,20140506T000000,469000.0,2,1.0,1030,4400,1.0,0,0,3,7,1030,0,1924,0,98117,47.681,-122.361,1400,4200,Whittier Heights,Seattle
7588700204,20140716T000000,520000.0,4,1.75,1240,4532,1.5,0,0,4,7,1240,0,1944,0,98117,47.6892,-122.378,1260,4468,Whittier Heights,Seattle
2113700335,20150408T000000,316500.0,3,1.75,1460,6360,1.0,0,2,3,7,1010,450,1979,0,98106,47.5311,-122.353,1400,4240,Highland Park,Seattle
434000030,20141219T000000,555000.0,3,2.0,2080,7020,1.0,0,0,4,7,1040,1040,1951,0,98115,47.6768,-122.285,1920,7000,Wedgwood,Seattle
461003251,20140801T000000,437000.0,3,2.25,1130,1221,2.0,0,0,3,8,1030,100,2004,0,98117,47.6799,-122.375,1300,5000,Whittier Heights,Seattle
7519000570,20141110T000000,545000.0,4,1.5,1370,3708,1.5,0,0,3,7,1370,0,1926,0,98117,47.6849,-122.363,2030,3708,Whittier Heights,Seattle
2113701200,20140912T000000,250000.0,2,1.0,670,4640,1.0,0,0,3,6,670,0,1943,0,98106,47.53,-122.351,870,4501,Highland Park,Seattle
2880100160,20141119T000000,1010000.0,4,3.5,3350,3752,2.0,0,0,3,9,2550,800,2007,0,98117,47.6782,-122.365,1050,4960,Whittier Heights,Seattle
5309100295,20141017T000000,782000.0,4,1.75,1500,6820,1.5,0,0,5,7,1500,0,1905,0,98117,47.6794,-122.37,1360,4125,Whittier Heights,Seattle
7697100030,20140929T000000,546800.0,4,1.5,1520,5910,1.0,0,0,3,7,1020,500,1946,0,98115,47.6904,-122.295,1710,5910,Wedgwood,Seattle
5652601455,20140623T000000,775000.0,4,2.5,2300,6158,2.0,0,0,3,9,2300,0,1999,0,98115,47.6943,-122.299,2170,6434,Wedgwood,Seattle
4302700445,20140923T000000,335000.0,4,1.75,1670,9472,1.0,0,0,3,7,1100,570,1960,0,98106,47.5299,-122.357,1080,5195,Highland Park,Seattle
6728700075,20140520T000000,575000.0,4,1.75,1280,6060,1.0,0,0,3,7,860,420,1926,0,98117,47.6805,-122.364,1490,4680,Whittier Heights,Seattle
9244900248,20140709T000000,737500.0,3,1.75,2320,10900,2.0,0,0,3,7,2320,0,1935,1974,98115,47.6877,-122.283,1610,5800,Wedgwood,Seattle
3298720030,20150417T000000,560000.0,4,1.75,2150,8555,1.0,0,2,4,7,1460,690,1982,0,98106,47.5344,-122.345,1480,7405,Highland Park,Seattle
5200100105,20140807T000000,620000.0,3,2.25,1660,3478,1.5,0,0,4,7,1100,560,1929,0,98117,47.6773,-122.372,1610,3478,Whittier Heights,Seattle
1232000810,20140912T000000,340000.0,3,2.5,1400,4800,1.0,0,0,3,7,1200,200,1921,0,98117,47.6865,-122.379,1440,3840,Whittier Heights,Seattle
1232000810,20150326T000000,537000.0,3,2.5,1400,4800,1.0,0,0,3,7,1200,200,1921,0,98117,47.6865,-122.379,1440,3840,Whittier Heights,Seattle
7518500885,20140519T000000,560000.0,4,1.0,1660,4690,1.5,0,0,3,7,1260,400,1945,0,98117,47.6829,-122.378,1400,3876,Whittier Heights,Seattle
5071401000,20140829T000000,779000.0,6,2.5,3250,12000,1.0,0,1,3,8,1800,1450,1966,0,98115,47.6935,-122.28,3490,10320,Wedgwood,Seattle
859000160,20141203T000000,375000.0,4,2.0,1720,2410,1.0,0,0,3,7,970,750,1930,2006,98106,47.5252,-122.361,1160,1404,Highland Park,Seattle
7974200820,20140821T000000,865000.0,5,3.0,2900,6730,1.0,0,0,5,8,1830,1070,1977,0,98115,47.6784,-122.285,2370,6283,Wedgwood,Seattle
2710600025,20141103T000000,697000.0,3,2.25,2420,5304,1.5,0,0,5,7,1640,780,1947,0,98115,47.6765,-122.285,1560,5304,Wedgwood,Seattle
5210200107,20141125T000000,700000.0,4,1.75,1730,6500,1.0,0,0,3,7,1250,480,1945,0,98115,47.6982,-122.282,1910,8100,Wedgwood,Seattle
9212900100,20150423T000000,425000.0,4,1.75,1820,6000,1.0,0,0,3,7,930,890,1942,0,98115,47.6872,-122.296,1590,6000,Wedgwood,Seattle
4302201130,20140508T000000,205000.0,2,1.0,720,5040,1.0,0,0,3,6,720,0,1955,0,98106,47.5267,-122.36,1357,5120,Highland Park,Seattle
7977201240,20150311T000000,1010000.0,4,3.5,3500,4080,2.0,0,2,3,9,2590,910,2004,0,98115,47.6834,-122.292,2430,5100,Wedgwood,Seattle
5071400485,20140807T000000,637000.0,3,2.0,1980,6000,1.0,0,0,4,7,1380,600,1958,0,98115,47.6921,-122.283,1260,6000,Wedgwood,Seattle
5652601425,20150423T000000,595000.0,4,2.5,2030,10722,1.0,0,0,3,7,1100,930,1967,0,98115,47.6955,-122.301,1610,9134,Wedgwood,Seattle
7518501390,20140617T000000,473000.0,2,1.0,900,5100,1.0,0,0,4,7,900,0,1909,0,98117,47.6804,-122.378,1400,5100,Whittier Heights,Seattle
7972601030,20150420T000000,426000.0,3,1.5,1380,7200,1.0,0,0,3,7,1080,300,1948,0,98106,47.5292,-122.348,1220,7200,Highland Park,Seattle
9212900820,20140828T000000,393820.0,2,2.0,1170,8251,1.0,0,0,3,7,1170,0,1941,0,98115,47.6873,-122.291,1360,6798,Wedgwood,Seattle
2028700265,20150115T000000,505000.0,2,1.75,1310,3816,1.0,0,0,2,7,1110,200,1929,0,98117,47.679,-122.368,1510,3816,Whittier Heights,Seattle
2877102345,20141027T000000,511718.0,2,1.75,1700,5000,1.0,0,0,3,6,850,850,1915,0,98117,47.6787,-122.363,1690,5000,Whittier Heights,Seattle
7518500855,20150504T000000,658600.0,4,2.0,1400,4690,1.5,0,0,4,7,1400,0,1945,0,98117,47.6826,-122.378,1400,4690,Whittier Heights,Seattle
2028700535,20150225T000000,855000.0,4,3.0,2550,5300,2.0,0,0,3,8,1720,830,1908,2013,98117,47.6786,-122.367,1590,4505,Whittier Heights,Seattle
5210200131,20140630T000000,491950.0,3,2.25,2090,10733,1.0,0,0,3,7,1440,650,1958,0,98115,47.6971,-122.281,1740,8100,Wedgwood,Seattle
7977201910,20150414T000000,553000.0,3,1.0,1330,5100,1.0,0,0,3,7,900,430,1942,0,98115,47.6837,-122.291,1500,5100,Wedgwood,Seattle
7518503200,20140701T000000,459500.0,2,1.0,1250,3825,1.0,0,0,3,7,850,400,1929,0,98117,47.6805,-122.38,1370,4998,Whittier Heights,Seattle
5363200266,20140623T000000,420000.0,3,2.0,1200,5029,1.0,0,0,3,6,880,320,1937,0,98115,47.6936,-122.294,1510,5854,Wedgwood,Seattle
7518502490,20141229T000000,515000.0,3,2.0,1690,5100,1.5,0,0,5,7,1690,0,1907,0,98117,47.6801,-122.38,1690,5100,Whittier Heights,Seattle
7518504291,20141215T000000,535000.0,2,1.0,1520,3360,1.0,0,0,4,7,830,690,1927,0,98117,47.6815,-122.382,1470,3774,Whittier Heights,Seattle
461005360,20141107T000000,697000.0,4,3.0,2820,2850,1.5,0,0,5,7,1860,960,1928,0,98117,47.6813,-122.367,1570,4500,Whittier Heights,Seattle
461004195,20141104T000000,457500.0,2,1.0,840,5000,1.0,0,0,4,7,840,0,1908,0,98117,47.6803,-122.371,1240,5000,Whittier Heights,Seattle
4302200535,20140506T000000,219000.0,2,1.0,900,5160,1.0,0,0,3,6,900,0,1952,0,98106,47.525,-122.356,900,5160,Highland Park,Seattle
2919701105,20141209T000000,422000.0,2,1.75,1320,2609,1.0,0,0,4,7,920,400,1938,0,98117,47.6878,-122.366,1200,4220,Whittier Heights,Seattle
2112700600,20150513T000000,415000.0,3,2.25,1640,5880,1.0,0,0,3,7,1240,400,1977,0,98106,47.5323,-122.351,1200,4760,Highland Park,Seattle
4302200336,20140707T000000,300000.0,3,1.0,930,5160,1.5,0,0,5,6,930,0,1919,0,98106,47.5256,-122.357,1060,5160,Highland Park,Seattle
7972601280,20150504T000000,495000.0,5,3.25,2500,7620,1.0,0,3,3,7,1250,1250,1962,0,98106,47.5298,-122.344,2020,7620,Highland Park,Seattle
5309100750,20150123T000000,580000.0,3,1.75,1460,2800,2.0,0,0,3,7,1460,0,1928,0,98117,47.6779,-122.371,1220,4062,Whittier Heights,Seattle
6844702290,20140527T000000,400000.0,2,1.0,1470,6120,1.0,0,0,2,7,1470,0,1940,0,98115,47.6914,-122.287,1840,6120,Wedgwood,Seattle
7977201707,20140523T000000,526000.0,3,1.75,1680,3420,1.0,0,0,3,7,960,720,1992,0,98115,47.6854,-122.291,1680,4080,Wedgwood,Seattle
461002551,20141004T000000,330600.0,1,1.0,580,1799,1.0,0,0,3,7,580,0,1908,2005,98117,47.6829,-122.375,1260,4000,Whittier Heights,Seattle
3298701066,20150506T000000,240000.0,3,1.0,1230,2353,1.5,0,0,4,6,1230,0,1925,0,98106,47.5177,-122.354,1280,1572,Highland Park,Seattle
438000025,20140513T000000,628000.0,4,2.0,2260,6000,1.0,0,0,3,8,1430,830,1958,0,98115,47.6876,-122.298,2030,5874,Wedgwood,Seattle
3298700110,20141109T000000,373000.0,3,2.5,2990,6771,1.0,0,0,3,7,1550,1440,2003,0,98106,47.5237,-122.353,1800,6771,Highland Park,Seattle
442000015,20140612T000000,445000.0,3,1.0,1050,5664,1.0,0,0,4,7,910,140,1947,0,98115,47.6897,-122.285,1500,5664,Wedgwood,Seattle
5309101050,20141126T000000,489950.0,3,2.0,1580,4010,1.0,0,0,4,7,790,790,1909,0,98117,47.6769,-122.371,1350,5350,Whittier Heights,Seattle
7899800864,20150305T000000,259950.0,2,2.0,1070,649,2.0,0,0,3,9,720,350,2008,0,98106,47.5213,-122.357,1070,928,Highland Park,Seattle
7977201865,20150421T000000,525000.0,2,1.0,1360,6120,1.0,0,0,3,7,1060,300,1947,0,98115,47.6841,-122.291,1800,5100,Wedgwood,Seattle
6844702690,20150427T000000,476500.0,3,1.0,1200,6120,1.0,0,0,4,7,950,250,1945,0,98115,47.6929,-122.287,1550,6120,Wedgwood,Seattle
3052700855,20140628T000000,470000.0,3,1.5,1500,5000,1.5,0,0,4,7,1140,360,1927,0,98117,47.679,-122.373,1500,5000,Whittier Heights,Seattle
439000090,20150323T000000,564500.0,4,2.25,1950,6000,1.0,0,0,3,7,1350,600,1961,0,98115,47.6909,-122.301,1980,6000,Wedgwood,Seattle
7972601270,20140530T000000,369000.0,3,2.0,1550,8509,1.0,0,0,3,7,1150,400,1959,0,98106,47.5299,-122.344,1840,7620,Highland Park,Seattle
7748000025,20150412T000000,575000.0,2,1.75,1230,5418,1.0,0,0,3,8,990,240,1949,0,98117,47.6839,-122.376,1330,5074,Whittier Heights,Seattle
7977200590,20150219T000000,700000.0,3,1.75,1640,4590,1.5,0,0,5,7,1640,0,1951,0,98115,47.6846,-122.294,1760,5100,Wedgwood,Seattle
3290800215,20140730T000000,535000.0,2,1.0,980,4120,1.0,0,0,3,7,830,150,1950,2014,98115,47.6815,-122.291,1760,4120,Wedgwood,Seattle
5210200077,20140619T000000,799000.0,4,2.5,2590,7910,2.0,0,0,3,9,2590,0,2001,0,98115,47.6978,-122.284,1700,7488,Wedgwood,Seattle
2114700115,20150407T000000,291700.0,3,2.5,1970,4120,1.5,0,0,3,6,1230,740,1927,0,98106,47.5328,-122.346,1470,4080,Highland Park,Seattle
7972601250,20150204T000000,360000.0,6,2.75,2850,15240,1.0,0,0,3,7,1850,1000,1962,0,98106,47.5288,-122.345,2090,7620,Highland Park,Seattle
859000110,20141002T000000,125000.0,1,1.0,500,7440,1.0,0,0,1,5,500,0,1928,0,98106,47.5252,-122.362,1350,7440,Highland Park,Seattle
4302200590,20150309T000000,375000.0,3,2.5,1770,5146,2.0,0,0,3,7,1770,0,1992,0,98106,47.5263,-122.356,1230,5160,Highland Park,Seattle
446000190,20141208T000000,849000.0,5,3.25,2450,6534,2.0,0,0,3,8,1770,680,1951,2014,98115,47.688,-122.281,1620,6534,Wedgwood,Seattle
7972601235,20150223T000000,325000.0,4,2.25,2460,7620,1.0,0,0,3,7,1230,1230,1969,0,98106,47.5285,-122.345,2090,7620,Highland Park,Seattle
6844702630,20141108T000000,450000.0,3,1.75,1160,6120,1.0,0,0,3,7,1040,120,1941,0,98115,47.6926,-122.287,1530,6120,Wedgwood,Seattle
4365700130,20150325T000000,210000.0,3,1.0,1660,7440,1.0,0,0,3,7,1270,390,1957,0,98106,47.5242,-122.362,1540,7440,Highland Park,Seattle
3298700426,20140709T000000,226550.0,3,1.0,990,4440,1.0,0,0,3,6,990,0,1943,0,98106,47.522,-122.354,990,6771,Highland Park,Seattle
7750500275,20140807T000000,397500.0,4,1.75,2220,4760,1.0,0,0,3,7,1320,900,1918,0,98106,47.5215,-122.348,940,4760,Highland Park,Seattle
5071400104,20140626T000000,690000.0,5,3.5,2720,7598,2.0,0,0,3,8,1860,860,1993,0,98115,47.6931,-122.283,2430,7728,Wedgwood,Seattle
7519000585,20150311T000000,520000.0,2,1.0,1250,3708,1.5,0,0,3,7,1250,0,1926,0,98117,47.685,-122.363,1430,3708,Whittier Heights,Seattle
7972600430,20150311T000000,355000.0,4,2.0,1870,3497,1.0,0,0,3,7,1200,670,1954,0,98106,47.5309,-122.347,1270,3497,Highland Park,Seattle
458000235,20150325T000000,525000.0,4,2.0,1540,3740,1.0,0,0,4,7,770,770,1946,0,98117,47.6886,-122.375,1090,5080,Whittier Heights,Seattle
2113701100,20140826T000000,294010.0,3,1.75,1550,4057,1.0,0,0,3,6,830,720,1945,0,98106,47.5291,-122.351,1100,4116,Highland Park,Seattle
7972600670,20140624T000000,339000.0,4,2.0,2470,5080,1.5,0,0,3,6,1970,500,1948,1988,98106,47.5308,-122.348,1060,5080,Highland Park,Seattle
2113700825,20140731T000000,172000.0,3,1.0,970,4700,1.0,0,0,4,6,720,250,1943,0,98106,47.5285,-122.354,1560,4600,Highland Park,Seattle
461004095,20140721T000000,514000.0,3,1.75,1620,5000,1.0,0,0,3,7,920,700,1954,0,98117,47.681,-122.372,1610,5000,Whittier Heights,Seattle
4172100050,20140825T000000,524950.0,3,1.75,1750,3250,1.5,0,0,4,7,1230,520,1929,0,98117,47.6807,-122.366,1480,3600,Whittier Heights,Seattle
7588700080,20150421T000000,925000.0,4,2.5,3350,4501,2.0,0,0,3,9,2640,710,2002,0,98117,47.688,-122.379,1000,4500,Whittier Heights,Seattle
4302201045,20140528T000000,150000.0,3,1.0,820,7680,1.5,0,0,3,6,820,0,1910,0,98106,47.528,-122.359,1470,6912,Highland Park,Seattle
8641500280,20140522T000000,270000.0,2,1.5,840,867,2.0,0,0,3,7,840,0,2005,0,98115,47.6955,-122.304,840,1322,Wedgwood,Seattle
7519001990,20141027T000000,361500.0,2,1.0,840,3860,1.0,0,0,4,6,840,0,1909,0,98117,47.6842,-122.365,1390,3860,Whittier Heights,Seattle
7977201845,20140514T000000,525000.0,3,1.75,1600,6120,1.5,0,0,3,7,1600,0,1924,0,98115,47.6847,-122.291,1670,4590,Wedgwood,Seattle
1623800440,20150417T000000,499922.0,3,2.0,1460,3000,1.0,0,0,4,7,940,520,1990,0,98117,47.682,-122.365,1460,3000,Whittier Heights,Seattle
5445300050,20150408T000000,672000.0,3,2.25,1130,4445,1.5,0,0,4,8,1130,0,1930,0,98117,47.6845,-122.375,1330,4445,Whittier Heights,Seattle
446000020,20140913T000000,439500.0,4,1.0,1360,5500,1.5,0,0,3,7,1360,0,1950,0,98115,47.6878,-122.285,1530,5790,Wedgwood,Seattle
2113700235,20140512T000000,360000.0,4,2.0,1730,5500,1.0,0,0,5,7,1010,720,1943,0,98106,47.5304,-122.353,1080,4900,Highland Park,Seattle
7519000170,20140723T000000,690000.0,3,2.5,1300,5150,1.5,0,0,4,7,1300,0,1920,0,98117,47.6838,-122.362,1400,4017,Whittier Heights,Seattle
2113700500,20141005T000000,250800.0,3,1.75,1290,4000,1.0,0,0,3,6,1170,120,1943,0,98106,47.5309,-122.354,1140,4000,Highland Park,Seattle
3438503140,20140918T000000,269000.0,1,1.0,1020,7920,1.0,0,0,3,7,1020,0,1947,1983,98106,47.5385,-122.355,1000,7168,Highland Park,Seattle
6844703135,20150312T000000,580000.0,4,1.5,1780,5100,1.0,0,0,3,7,1320,460,1953,0,98115,47.6944,-122.288,1880,5100,Wedgwood,Seattle
3491300052,20150409T000000,735000.0,4,2.25,2410,4250,1.5,0,0,5,7,1460,950,1929,0,98117,47.6849,-122.376,1360,5074,Whittier Heights,Seattle
7519001825,20150108T000000,455000.0,2,1.0,1070,5150,1.0,0,0,4,6,870,200,1908,0,98117,47.6853,-122.366,1520,3860,Whittier Heights,Seattle
2545700020,20141016T000000,458500.0,2,1.75,1160,6828,1.0,0,0,3,7,860,300,1941,0,98115,47.6937,-122.298,1250,6828,Wedgwood,Seattle
5652600185,20140502T000000,750000.0,3,1.75,2240,10578,2.0,0,0,5,8,1550,690,1923,0,98115,47.6954,-122.292,1570,10578,Wedgwood,Seattle
2922702965,20150115T000000,703300.0,3,2.0,1980,3525,1.5,0,0,4,8,1590,390,1932,0,98117,47.6847,-122.368,1760,3760,Whittier Heights,Seattle
2114700190,20141212T000000,385000.0,4,3.25,1790,2460,2.0,0,0,4,7,1100,690,2000,0,98106,47.534,-122.346,1260,4040,Highland Park,Seattle
3188100007,20141022T000000,380000.0,3,2.5,1610,1778,3.0,0,0,3,7,1610,0,2002,0,98115,47.6902,-122.306,1120,2187,Wedgwood,Seattle
7972601900,20140530T000000,299950.0,3,1.0,1210,9525,1.0,0,0,3,7,1210,0,1955,0,98106,47.5274,-122.345,1680,7620,Highland Park,Seattle
4302200415,20141104T000000,339888.0,4,1.75,1440,6144,1.0,0,0,5,6,720,720,1947,0,98106,47.5257,-122.357,960,5160,Highland Park,Seattle
4302700425,20150213T000000,425000.0,5,2.75,2110,5120,2.0,0,0,3,7,1870,240,1947,1983,98106,47.5294,-122.357,1580,5120,Highland Park,Seattle
7588700177,20150420T000000,310000.0,1,0.75,520,2885,1.0,0,0,4,6,520,0,1947,0,98117,47.6886,-122.378,980,4241,Whittier Heights,Seattle
2919702040,20140612T000000,599000.0,5,2.75,2820,4608,1.0,0,0,3,7,1450,1370,1967,0,98117,47.6886,-122.361,1620,3840,Whittier Heights,Seattle
2112700895,20150326T000000,276000.0,2,1.0,720,4000,1.0,0,0,3,6,720,0,1918,0,98106,47.5346,-122.353,1630,4000,Highland Park,Seattle
2608300103,20150126T000000,225000.0,3,2.5,1020,2040,2.0,0,0,3,7,720,300,2004,0,98106,47.5294,-122.361,1060,1478,Highland Park,Seattle
3908100020,20140803T000000,540000.0,4,1.0,1360,5766,1.5,0,0,5,7,1360,0,1951,0,98115,47.6827,-122.289,1500,5704,Wedgwood,Seattle
6392001950,20140908T000000,435000.0,3,2.5,1470,3000,1.0,0,0,3,7,930,540,1985,0,98115,47.6832,-122.286,1470,5588,Wedgwood,Seattle
2767601100,20141027T000000,513000.0,4,2.0,2090,4000,1.0,0,0,3,7,1480,610,1951,0,98107,47.6751,-122.379,1510,5000,Whittier Heights,Seattle
2114300290,20140929T000000,411500.0,5,3.0,2420,7740,1.0,0,0,5,7,1360,1060,1929,1969,98106,47.536,-122.358,1840,6780,Highland Park,Seattle
5101402472,20150129T000000,340500.0,2,1.0,940,5413,1.0,0,0,3,7,940,0,1923,0,98115,47.6956,-122.304,1340,5296,Wedgwood,Seattle
7972601950,20140617T000000,379900.0,5,3.5,2800,7350,2.0,0,0,3,7,2800,0,1995,0,98106,47.5273,-122.345,2190,7620,Highland Park,Seattle
7518502960,20150227T000000,395000.0,2,1.0,980,5100,1.0,0,0,4,6,980,0,1907,0,98117,47.6824,-122.38,1190,5100,Whittier Heights,Seattle
6844700415,20150316T000000,605000.0,4,2.25,1750,6120,1.0,0,0,3,7,1150,600,1962,0,98115,47.6958,-122.29,1350,6120,Wedgwood,Seattle
4303200130,20150210T000000,277000.0,4,3.0,1960,5160,1.0,0,0,3,7,1170,790,2001,0,98106,47.5313,-122.36,1960,5160,Highland Park,Seattle
2113700780,20150113T000000,320000.0,3,1.0,1060,5000,1.0,0,0,3,7,1060,0,1958,0,98106,47.5294,-122.354,1220,4600,Highland Park,Seattle
461002150,20150105T000000,725000.0,4,1.75,2000,3750,1.0,0,0,5,8,1120,880,1950,0,98117,47.6816,-122.374,1370,5000,Whittier Heights,Seattle
5652601075,20140825T000000,377000.0,1,1.0,950,10585,1.5,0,0,3,6,950,0,1929,0,98115,47.6968,-122.297,1400,7056,Wedgwood,Seattle
9212900300,20150304T000000,492000.0,2,1.0,950,6000,1.0,0,0,3,7,950,0,1942,0,98115,47.6897,-122.294,1440,6000,Wedgwood,Seattle
7519000665,20150408T000000,565000.0,5,1.5,1940,3430,1.5,0,0,4,6,1220,720,1926,0,98117,47.6853,-122.362,1830,4120,Whittier Heights,Seattle
461002615,20141202T000000,580000.0,5,2.5,2720,5000,1.5,0,0,4,7,1530,1190,1939,0,98117,47.6827,-122.376,1210,5000,Whittier Heights,Seattle
6392001005,20140620T000000,511500.0,4,1.0,1360,6000,1.5,0,0,3,7,1360,0,1917,0,98115,47.6854,-122.288,1710,6000,Wedgwood,Seattle
7972600450,20141222T000000,328000.0,4,2.75,1930,3840,1.0,0,0,3,7,1170,760,1997,0,98106,47.5303,-122.346,1610,3840,Highland Park,Seattle
2114700530,20150122T000000,360000.0,4,1.0,1460,3840,1.5,0,0,3,8,1340,120,1928,0,98106,47.533,-122.347,990,4200,Highland Park,Seattle
5309100515,20150120T000000,537000.0,4,1.75,1580,3635,1.0,0,0,4,7,790,790,1910,0,98117,47.6795,-122.371,1190,3638,Whittier Heights,Seattle
2113700115,20150504T000000,369950.0,3,2.0,1520,4000,1.0,0,0,5,6,800,720,1943,0,98106,47.531,-122.351,1430,4000,Highland Park,Seattle
5101400838,20140916T000000,450000.0,3,1.75,1830,5488,1.0,0,2,4,7,1010,820,1939,0,98115,47.6914,-122.309,1200,5488,Wedgwood,Seattle
439200035,20141117T000000,740000.0,4,2.75,2560,6900,1.0,0,0,3,8,1480,1080,1959,0,98115,47.686,-122.297,2600,7200,Wedgwood,Seattle
4303200184,20141010T000000,230000.0,2,1.0,770,6450,1.0,0,0,4,6,770,0,1948,0,98106,47.531,-122.358,780,6063,Highland Park,Seattle
1623800300,20140610T000000,499000.0,2,1.0,1220,3000,1.0,0,0,3,7,920,300,1926,0,98117,47.6823,-122.365,1270,3000,Whittier Heights,Seattle
5652600065,20141010T000000,760000.0,5,1.75,2660,10637,1.5,0,0,5,7,1670,990,1922,0,98115,47.6945,-122.292,1570,6825,Wedgwood,Seattle
7899800905,20150503T000000,475000.0,3,1.75,1150,10240,1.0,0,0,3,6,1030,120,1918,0,98106,47.5222,-122.357,1270,2566,Highland Park,Seattle
7899800450,20140828T000000,107000.0,2,1.0,670,4720,1.0,0,0,4,6,670,0,1948,0,98106,47.5243,-122.358,1480,4720,Highland Park,Seattle
438000015,20140916T000000,555000.0,4,1.75,2350,5946,1.0,0,2,3,8,1350,1000,1957,0,98115,47.6879,-122.298,2060,6000,Wedgwood,Seattle
7972600910,20150507T000000,433000.0,4,2.0,1840,4760,1.5,0,0,4,6,1080,760,1929,0,98106,47.5297,-122.349,1170,5950,Highland Park,Seattle
5309100450,20150330T000000,546500.0,3,2.5,1410,2675,1.0,0,0,3,7,820,590,1985,0,98117,47.6786,-122.371,1410,4013,Whittier Heights,Seattle
4365700450,20141106T000000,193000.0,2,1.0,950,9000,1.0,0,0,3,6,950,0,1924,0,98106,47.5219,-122.361,1000,8280,Highland Park,Seattle
7170200110,20150121T000000,455000.0,3,1.75,890,3800,1.5,0,0,3,7,750,140,1926,0,98115,47.6803,-122.291,1280,3800,Wedgwood,Seattle
2113700025,20150409T000000,330000.0,2,1.0,1129,3840,1.0,0,0,3,7,1129,0,1953,0,98106,47.5313,-122.351,1300,3880,Highland Park,Seattle
5309101395,20140911T000000,415000.0,2,1.0,910,3750,1.0,0,0,3,7,910,0,1904,0,98117,47.6772,-122.369,1160,4000,Whittier Heights,Seattle
3491300082,20150127T000000,799990.0,4,3.5,2540,5808,2.0,0,0,5,8,1820,720,1910,1986,98117,47.6857,-122.376,1520,5461,Whittier Heights,Seattle
9376301520,20140529T000000,595000.0,3,2.0,1480,5000,1.0,0,0,4,7,750,730,1928,0,98117,47.6859,-122.37,1250,4000,Whittier Heights,Seattle
6392002020,20150324T000000,559000.0,3,1.75,1700,6500,1.0,0,0,3,8,1700,0,1967,0,98115,47.6837,-122.284,1880,6000,Wedgwood,Seattle
6769200040,20141218T000000,520000.0,3,1.75,2080,6609,1.0,0,0,3,7,1280,800,1950,0,98115,47.6883,-122.3,1680,6270,Wedgwood,Seattle
3298700302,20141212T000000,287000.0,2,1.5,720,4346,1.0,0,0,4,6,720,0,1942,0,98106,47.5225,-122.351,790,4346,Highland Park,Seattle
2113701095,20140717T000000,150000.0,2,1.0,830,4045,1.0,0,0,3,6,830,0,1943,0,98106,47.5293,-122.351,1100,4116,Highland Park,Seattle
7977201065,20141104T000000,350000.0,3,1.75,1380,4590,1.0,0,0,2,7,930,450,1950,0,98115,47.6841,-122.293,1320,4692,Wedgwood,Seattle
7977201065,20150305T000000,740000.0,3,1.75,1380,4590,1.0,0,0,2,7,930,450,1950,0,98115,47.6841,-122.293,1320,4692,Wedgwood,Seattle
2114700540,20141021T000000,366000.0,3,2.5,1320,4320,1.0,0,0,3,6,660,660,1918,0,98106,47.5327,-122.347,1190,4200,Highland Park,Seattle
5652601035,20150115T000000,285000.0,3,1.75,1150,6423,1.0,0,0,3,5,590,560,1927,0,98115,47.6973,-122.297,1150,8367,Wedgwood,Seattle
4302700559,20150327T000000,342000.0,3,1.0,1980,6450,1.0,0,0,4,6,1120,860,1950,0,98106,47.5291,-122.356,1180,5160,Highland Park,Seattle
7518500301,20150301T000000,490000.0,3,1.0,1180,2250,1.5,0,0,3,7,1180,0,1902,0,98117,47.6779,-122.377,1320,5100,Whittier Heights,Seattle
1623301185,20150123T000000,625000.0,3,1.75,1780,4500,1.0,0,0,4,7,920,860,1922,0,98117,47.6827,-122.362,1360,4000,Whittier Heights,Seattle
880000208,20141213T000000,320000.0,3,2.5,1610,1356,2.0,0,0,3,8,1240,370,2007,0,98106,47.5257,-122.361,1270,1314,Highland Park,Seattle
2113700485,20141210T000000,399990.0,5,2.75,1690,4000,1.0,0,0,5,7,970,720,1943,0,98106,47.5312,-122.354,1240,4000,Highland Park,Seattle
7977200720,20150427T000000,500000.0,3,1.75,1480,6120,1.5,0,0,3,7,1480,0,1946,0,98115,47.6858,-122.295,1480,6120,Wedgwood,Seattle
2877101745,20140804T000000,898500.0,4,2.75,2890,5000,1.5,0,0,3,8,1990,900,1911,2014,98117,47.6768,-122.363,1080,3750,Whittier Heights,Seattle
7899800476,20150427T000000,267100.0,2,2.5,1250,1580,2.0,0,0,3,7,1030,220,2005,0,98106,47.5243,-122.36,1250,1361,Highland Park,Seattle
446000150,20150415T000000,480000.0,3,1.0,1100,5700,1.0,0,0,3,7,1100,0,1950,0,98115,47.6883,-122.282,1560,6588,Wedgwood,Seattle
2710600015,20150327T000000,775000.0,4,3.0,2000,5304,1.5,0,0,4,7,2000,0,1947,0,98115,47.6762,-122.285,1670,5304,Wedgwood,Seattle
2113701080,20141112T000000,300000.0,2,1.0,1100,4010,1.5,0,0,5,6,1100,0,1920,0,98106,47.5296,-122.351,980,4501,Highland Park,Seattle
4302201005,20141007T000000,353900.0,3,1.75,1560,5760,1.0,0,0,5,6,780,780,1927,0,98106,47.5272,-122.359,1320,7680,Highland Park,Seattle
7518500985,20140903T000000,591500.0,4,2.5,1690,4080,1.5,0,0,4,7,1140,550,1912,0,98117,47.6825,-122.379,1600,4590,Whittier Heights,Seattle
4302201085,20140918T000000,248000.0,3,1.0,1470,7680,1.0,0,0,3,7,1220,250,1946,0,98106,47.5276,-122.359,1470,6784,Highland Park,Seattle
4302201085,20150506T000000,546940.0,3,1.0,1470,7680,1.0,0,0,3,7,1220,250,1946,0,98106,47.5276,-122.359,1470,6784,Highland Park,Seattle
7518501140,20150113T000000,300000.0,3,2.0,1260,2550,2.0,0,0,3,7,1260,0,1987,0,98117,47.6821,-122.378,1590,3825,Whittier Heights,Seattle
5200100115,20141117T000000,540000.0,3,1.75,1610,3478,1.5,0,0,4,7,1060,550,1929,0,98117,47.6774,-122.372,1610,3478,Whittier Heights,Seattle
3624039111,20150429T000000,215000.0,3,1.0,980,5600,1.0,0,0,2,6,980,0,1949,0,98106,47.5308,-122.361,1840,5302,Highland Park,Seattle
2028701165,20140627T000000,430000.0,2,1.0,1050,2570,1.0,0,0,5,7,850,200,1927,0,98117,47.6764,-122.366,1080,2800,Whittier Heights,Seattle
2767600921,20140623T000000,405000.0,2,1.0,860,2599,1.0,0,0,4,6,860,0,1901,0,98107,47.675,-122.379,1300,3900,Whittier Heights,Seattle
461002050,20140826T000000,450000.0,2,1.0,910,5000,1.0,0,0,4,6,910,0,1914,0,98117,47.683,-122.374,1480,5000,Whittier Heights,Seattle
2877102196,20141125T000000,750000.0,4,2.75,2640,3750,2.0,0,0,5,7,1840,800,1911,0,98117,47.6783,-122.363,1690,5000,Whittier Heights,Seattle
1232001070,20140814T000000,485000.0,2,1.0,1130,3800,1.0,0,0,4,7,1130,0,1916,0,98117,47.6862,-122.378,1470,3800,Whittier Heights,Seattle
5499700045,20141030T000000,679000.0,3,2.5,1780,4320,2.0,0,0,4,8,1780,0,1930,1986,98115,47.6809,-122.293,1690,4952,Wedgwood,Seattle
2921700060,20141027T000000,535000.0,4,1.0,1920,6480,1.5,0,0,3,7,1920,0,1920,0,98117,47.6897,-122.374,1600,6470,Whittier Heights,Seattle
7972602080,20141208T000000,312000.0,4,1.0,1190,7620,1.5,0,0,3,6,1190,0,1926,0,98106,47.5281,-122.348,1060,7320,Highland Park,Seattle
7518503490,20140731T000000,495000.0,3,2.0,1340,2550,2.0,0,0,3,7,1340,0,1984,0,98117,47.6793,-122.38,1370,5100,Whittier Heights,Seattle
5652600069,20140917T000000,440000.0,3,1.5,1690,6010,1.0,0,0,3,7,1230,460,1946,0,98115,47.6955,-122.291,1690,5418,Wedgwood,Seattle
7972602435,20150318T000000,287000.0,2,1.0,950,6350,1.0,0,0,3,7,950,0,1951,0,98106,47.528,-122.352,1080,7620,Highland Park,Seattle
6844700510,20141203T000000,700000.0,4,2.5,2672,4297,2.0,0,0,3,8,2020,652,2005,0,98115,47.6955,-122.289,1720,6120,Wedgwood,Seattle
1232001040,20141016T000000,435000.0,3,1.0,1180,4219,1.0,0,0,3,7,1060,120,1939,0,98117,47.6867,-122.378,1630,4219,Whittier Heights,Seattle
4240400140,20140820T000000,656000.0,4,1.75,1440,4300,1.5,0,0,4,8,1290,150,1929,0,98117,47.6846,-122.372,1640,5000,Whittier Heights,Seattle
5430300106,20150311T000000,460000.0,2,1.0,1030,5934,1.0,0,0,4,7,1030,0,1928,0,98115,47.6828,-122.287,1420,5588,Wedgwood,Seattle
2877101821,20140805T000000,500000.0,3,1.0,1220,3400,1.0,0,0,3,7,1060,160,1927,0,98117,47.6775,-122.363,1350,3750,Whittier Heights,Seattle
9485700136,20150227T000000,330000.0,3,1.0,1140,7316,1.0,0,0,3,6,1140,0,1959,0,98106,47.527,-122.362,1140,7440,Highland Park,Seattle
6392000570,20141112T000000,399000.0,2,1.0,790,4000,1.0,0,0,3,6,790,0,1948,0,98115,47.6844,-122.289,990,5000,Wedgwood,Seattle
2113700510,20141027T000000,315000.0,3,1.75,1170,4000,1.0,0,0,3,6,720,450,1943,2013,98106,47.5306,-122.354,1130,4000,Highland Park,Seattle
443000060,20141210T000000,595000.0,3,2.25,2400,16301,1.0,0,0,3,8,1400,1000,1962,0,98115,47.6901,-122.282,1720,9828,Wedgwood,Seattle
4172100200,20141121T000000,470000.0,3,1.0,1400,4914,1.5,0,0,3,7,1400,0,1929,0,98117,47.681,-122.364,1400,3744,Whittier Heights,Seattle
7519000335,20141203T000000,865000.0,6,2.75,3500,5150,2.0,0,0,5,8,2430,1070,1909,0,98117,47.6842,-122.363,1430,3860,Whittier Heights,Seattle
5101402435,20140603T000000,312000.0,3,2.25,1540,5338,1.0,0,0,5,7,770,770,1954,0,98115,47.6942,-122.304,1680,6525,Wedgwood,Seattle
5101402435,20150304T000000,539000.0,3,2.25,1540,5338,1.0,0,0,5,7,770,770,1954,0,98115,47.6942,-122.304,1680,6525,Wedgwood,Seattle
1232001480,20140710T000000,445000.0,2,1.0,840,3840,1.0,0,0,4,7,840,0,1926,0,98117,47.684,-122.378,1310,3840,Whittier Heights,Seattle
2922701420,20141118T000000,490000.0,4,2.25,2020,4960,2.0,0,0,3,7,1710,310,1938,0,98117,47.6867,-122.369,1590,4550,Whittier Heights,Seattle
7972603385,20140516T000000,245000.0,2,1.0,870,6150,1.0,0,0,3,6,870,0,1941,0,98106,47.5256,-122.347,1120,6150,Highland Park,Seattle
2877102180,20140829T000000,505000.0,2,1.0,1020,5000,1.0,0,0,4,7,1020,0,1916,0,98117,47.6781,-122.363,1480,5000,Whittier Heights,Seattle
7977200055,20150213T000000,550000.0,3,1.0,1010,6120,1.0,0,0,3,7,860,150,1940,0,98115,47.6861,-122.296,1930,6120,Wedgwood,Seattle
7589700106,20141014T000000,460000.0,2,1.5,1790,3760,1.5,0,0,4,8,1280,510,1928,0,98117,47.6871,-122.373,1540,5080,Whittier Heights,Seattle
2028701000,20140529T000000,635200.0,4,1.75,1640,4240,1.0,0,0,5,7,920,720,1921,0,98117,47.6766,-122.368,1300,4240,Whittier Heights,Seattle
461004730,20150406T000000,717000.0,3,1.0,1150,5000,1.0,0,0,3,8,1150,0,1959,2015,98117,47.6805,-122.369,1160,5000,Whittier Heights,Seattle
7518502030,20141117T000000,410000.0,4,2.0,1900,5100,1.0,0,0,3,6,950,950,1914,1973,98117,47.6767,-122.38,1230,5100,Whittier Heights,Seattle
3298700012,20150320T000000,295000.0,2,1.0,720,4125,1.0,0,0,4,6,720,0,1943,0,98106,47.5245,-122.354,1000,6100,Highland Park,Seattle
2112700370,20140813T000000,199400.0,2,1.0,880,4000,1.0,0,0,4,6,880,0,1916,0,98106,47.5331,-122.352,1430,4000,Highland Park,Seattle
5499200060,20150403T000000,635000.0,4,3.0,2100,3800,2.0,0,0,3,8,2100,0,1972,0,98115,47.6807,-122.291,1320,3800,Wedgwood,Seattle
3298700671,20140731T000000,260000.0,2,1.0,820,6771,1.0,0,0,4,6,820,0,1918,0,98106,47.52,-122.354,1000,4440,Highland Park,Seattle
2112700240,20140520T000000,309000.0,3,1.0,1092,7500,1.5,0,0,3,6,1092,0,1918,0,98106,47.5321,-122.354,930,4000,Highland Park,Seattle
2880100240,20140825T000000,439950.0,2,1.75,1210,3000,1.0,0,0,5,7,910,300,1906,0,98117,47.6789,-122.365,1260,3000,Whittier Heights,Seattle
7974200765,20140902T000000,485000.0,3,1.0,1020,6120,1.0,0,0,3,7,1020,0,1941,0,98115,47.6787,-122.285,2370,6695,Wedgwood,Seattle
2028700575,20141113T000000,550000.0,3,2.0,1390,2688,1.5,0,0,5,7,1390,0,1915,0,98117,47.6783,-122.366,1440,2900,Whittier Heights,Seattle
2887700875,20140723T000000,344000.0,2,1.0,1060,3325,1.5,0,0,4,6,770,290,1932,0,98115,47.6896,-122.307,1820,4275,Wedgwood,Seattle
7519001275,20150301T000000,624000.0,3,1.75,1510,5200,1.0,0,0,4,7,860,650,1922,0,98117,47.6864,-122.365,1650,4160,Whittier Heights,Seattle
5430300171,20140703T000000,430000.0,3,1.5,1810,5080,1.0,0,0,3,7,1030,780,1958,0,98115,47.6819,-122.287,1780,7620,Wedgwood,Seattle
5430300171,20150129T000000,615500.0,3,1.5,1810,5080,1.0,0,0,3,7,1030,780,1958,0,98115,47.6819,-122.287,1780,7620,Wedgwood,Seattle
5132000140,20140618T000000,175000.0,6,1.0,1370,5080,1.5,0,0,3,6,1120,250,1931,0,98106,47.5238,-122.35,1020,5080,Highland Park,Seattle
5132000140,20150120T000000,415000.0,6,1.0,1370,5080,1.5,0,0,3,6,1120,250,1931,0,98106,47.5238,-122.35,1020,5080,Highland Park,Seattle
4172100240,20140902T000000,643002.0,3,2.5,1770,3744,1.5,0,0,3,7,1270,500,1929,0,98117,47.6807,-122.364,1400,4680,Whittier Heights,Seattle
7899800045,20140828T000000,107000.0,3,1.5,910,5120,1.0,0,0,3,6,910,0,1973,0,98106,47.5238,-122.356,1410,5132,Highland Park,Seattle
7899800045,20141202T000000,232900.0,3,1.5,910,5120,1.0,0,0,3,6,910,0,1973,0,98106,47.5238,-122.356,1410,5132,Highland Park,Seattle
3052700695,20140507T000000,575000.0,4,2.0,1650,5000,1.0,0,0,3,7,1650,0,1955,0,98117,47.6781,-122.374,1690,2276,Whittier Heights,Seattle
2608300035,20140527T000000,329000.0,3,1.0,1600,5952,1.0,0,0,4,7,1150,450,1964,0,98106,47.5292,-122.362,1460,6200,Highland Park,Seattle
6844700975,20150414T000000,529100.0,2,1.0,1290,6528,1.5,0,0,4,7,1290,0,1941,0,98115,47.694,-122.29,1670,5712,Wedgwood,Seattle
3298700156,20140610T000000,310000.0,3,2.5,1780,6771,1.0,0,0,3,7,1230,550,1990,0,98106,47.5237,-122.353,1780,6771,Highland Park,Seattle
2113700360,20140627T000000,315000.0,6,4.0,3120,4240,2.0,0,2,4,7,2090,1030,1993,0,98106,47.5305,-122.353,1460,4240,Highland Park,Seattle
2028701075,20140716T000000,626000.0,3,1.0,1040,4240,1.0,0,0,4,7,860,180,1924,0,98117,47.6768,-122.367,1170,4240,Whittier Heights,Seattle
3491300180,20150427T000000,635000.0,3,1.75,1480,6985,1.5,0,0,4,7,1200,280,1926,0,98117,47.686,-122.374,1480,5588,Whittier Heights,Seattle
7899800730,20150324T000000,270000.0,3,2.5,1350,1189,2.0,0,0,3,7,1080,270,2007,0,98106,47.5218,-122.358,1300,1182,Highland Park,Seattle
2922703150,20150304T000000,413252.0,3,0.75,1110,3960,1.0,0,0,3,7,1110,0,1951,0,98117,47.6834,-122.366,1610,5530,Whittier Heights,Seattle
5101400871,20150524T000000,445500.0,2,1.75,1390,6670,1.0,0,0,3,6,720,670,1941,0,98115,47.6914,-122.308,920,6380,Wedgwood,Seattle
8156600155,20140611T000000,735000.0,4,1.75,2460,5100,1.5,0,0,5,7,1450,1010,1909,0,98115,47.6782,-122.3,1560,5100,Wedgwood,Seattle
7972601885,20150430T000000,350000.0,5,1.75,1380,7620,1.0,0,0,3,7,1180,200,1955,0,98106,47.5279,-122.345,1990,7620,Highland Park,Seattle
546000865,20140919T000000,556000.0,3,1.0,1800,4005,1.5,0,0,4,7,1160,640,1929,0,98117,47.6876,-122.38,1240,4005,Whittier Heights,Seattle
2215500220,20140923T000000,525000.0,4,1.5,1580,6360,1.5,0,0,3,7,1290,290,1945,0,98115,47.6873,-122.286,1690,6360,Wedgwood,Seattle
7974200902,20150506T000000,637000.0,4,2.5,1710,5000,1.0,0,0,3,8,1110,600,1979,0,98115,47.6772,-122.285,1750,5304,Wedgwood,Seattle
5101402428,20141112T000000,790000.0,4,2.5,2560,12760,1.0,0,0,4,7,1760,800,1949,0,98115,47.6947,-122.303,1760,6384,Wedgwood,Seattle
2113700205,20140703T000000,220000.0,4,1.0,1200,6000,1.5,0,0,3,6,1200,0,1923,0,98106,47.5307,-122.352,950,4000,Highland Park,Seattle
5210200410,20141114T000000,840000.0,5,2.75,2790,20824,1.0,0,0,3,9,1680,1110,1959,0,98115,47.6948,-122.282,2380,10465,Wedgwood,Seattle
2028700360,20140523T000000,641000.0,3,1.75,1620,3975,1.0,0,0,5,7,940,680,1926,0,98117,47.6786,-122.368,1320,3922,Whittier Heights,Seattle
2215500205,20140505T000000,600000.0,3,1.75,1880,6360,1.0,0,0,4,7,1040,840,1945,0,98115,47.6878,-122.286,1770,6175,Wedgwood,Seattle
2113700790,20150312T000000,435010.0,3,1.0,1270,4000,1.0,0,0,3,7,1120,150,1954,0,98106,47.5293,-122.354,1220,4600,Highland Park,Seattle
7519000580,20141106T000000,610000.0,4,1.0,1390,3708,1.5,0,0,4,7,1390,0,1926,0,98117,47.685,-122.363,1430,3708,Whittier Heights,Seattle
4303200555,20140815T000000,265000.0,2,1.0,770,5160,1.0,0,0,3,6,770,0,1943,0,98106,47.5304,-122.356,920,5160,Highland Park,Seattle
7589200191,20140807T000000,634950.0,3,3.0,2180,2650,1.5,0,0,5,8,1410,770,1930,0,98117,47.6891,-122.375,1570,4820,Whittier Heights,Seattle
2114700040,20150414T000000,260000.0,3,2.75,1730,4131,2.0,0,2,3,7,1480,250,1975,0,98106,47.5327,-122.346,1570,4120,Highland Park,Seattle
7831800395,20140515T000000,312500.0,2,1.0,880,6345,1.0,0,0,3,7,880,0,1919,0,98106,47.5341,-122.358,1440,6345,Highland Park,Seattle
7899800120,20140820T000000,294350.0,3,1.0,1410,5120,1.5,0,0,3,6,1210,200,1925,0,98106,47.5238,-122.355,1330,5120,Highland Park,Seattle
4365700330,20140730T000000,275000.0,2,1.75,930,7080,1.0,0,0,3,6,930,0,1923,2006,98106,47.5224,-122.36,1100,7680,Highland Park,Seattle
458000065,20140923T000000,542000.0,4,2.5,2020,3440,1.5,0,0,4,7,1480,540,1928,0,98117,47.6885,-122.376,1520,5080,Whittier Heights,Seattle
7899800915,20150209T000000,216000.0,2,1.0,710,5120,1.0,0,0,3,6,710,0,1918,0,98106,47.5224,-122.357,1150,1252,Highland Park,Seattle
2113200065,20141027T000000,289000.0,2,1.0,1010,7740,1.0,0,0,3,6,890,120,1924,0,98106,47.5323,-122.355,1030,6000,Highland Park,Seattle
1566100450,20150428T000000,505000.0,3,2.0,1110,8375,1.0,0,0,5,7,1110,0,1951,0,98115,47.6978,-122.297,1410,7734,Wedgwood,Seattle
3052701135,20140626T000000,626000.0,3,1.75,2430,5000,2.0,0,0,4,7,1760,670,1945,0,98117,47.6785,-122.372,1320,4062,Whittier Heights,Seattle
7977200995,20150506T000000,506000.0,3,2.0,1160,6120,1.0,0,0,3,7,1160,0,1947,0,98115,47.6853,-122.293,1150,5100,Wedgwood,Seattle
9212900180,20140625T000000,760000.0,4,2.5,2760,6000,2.0,0,0,5,7,2230,530,1942,0,98115,47.6877,-122.295,1600,6000,Wedgwood,Seattle
7972600676,20141104T000000,349000.0,3,1.75,1690,5080,1.0,0,0,3,7,1190,500,1976,0,98106,47.5312,-122.348,1300,5080,Highland Park,Seattle
546000910,20141203T000000,620000.0,3,1.75,2040,4005,1.5,0,0,4,8,1740,300,1930,0,98117,47.6885,-122.38,1380,4005,Whittier Heights,Seattle
5101404351,20140702T000000,550000.0,4,2.75,2160,5005,1.0,0,0,3,7,1430,730,1987,0,98115,47.6971,-122.302,1770,5326,Wedgwood,Seattle
7518503065,20140623T000000,335000.0,1,1.0,720,5100,1.0,0,0,3,6,720,0,1907,0,98117,47.6821,-122.38,1320,5100,Whittier Heights,Seattle
1623300325,20141021T000000,999000.0,5,3.5,2810,2700,2.0,0,0,5,9,1900,910,1910,0,98117,47.6799,-122.363,1510,3800,Whittier Heights,Seattle
2113700620,20140804T000000,417000.0,3,1.5,2500,6000,1.5,0,0,5,7,1730,770,1941,1984,98106,47.5297,-122.354,1340,5000,Highland Park,Seattle
4302200790,20140814T000000,248500.0,2,1.0,720,5160,1.0,0,0,3,6,720,0,1949,0,98106,47.5274,-122.357,990,5160,Highland Park,Seattle
5363200180,20140515T000000,640000.0,4,2.0,2560,7798,1.0,0,0,4,7,1890,670,1947,0,98115,47.6914,-122.296,1330,7798,Wedgwood,Seattle
442000210,20150417T000000,625000.0,3,1.75,1840,5664,2.0,0,0,3,7,1270,570,1948,0,98115,47.6899,-122.283,1480,5664,Wedgwood,Seattle
7519000085,20141002T000000,685000.0,4,2.75,1660,5150,1.5,0,0,5,7,1280,380,1928,0,98117,47.6835,-122.362,1490,4017,Whittier Heights,Seattle
9485700175,20140930T000000,310000.0,2,1.0,860,12160,1.0,0,0,4,6,860,0,1921,0,98106,47.5267,-122.361,1010,7611,Highland Park,Seattle
3426049124,20150318T000000,334000.0,2,1.75,1680,8367,1.0,0,0,3,6,840,840,1914,0,98115,47.6976,-122.288,1830,6720,Wedgwood,Seattle
3052700610,20141216T000000,850000.0,6,3.5,2820,5400,1.0,0,0,3,8,1620,1200,1958,0,98117,47.6791,-122.374,1560,2276,Whittier Heights,Seattle
1232000915,20140509T000000,481450.0,3,2.0,1410,4800,1.0,0,0,3,7,1410,0,1940,0,98117,47.6852,-122.378,1190,3840,Whittier Heights,Seattle
441000065,20150505T000000,653000.0,2,1.5,1290,5141,1.0,0,0,4,7,1050,240,1947,0,98115,47.6878,-122.29,1290,5406,Wedgwood,Seattle
7972602510,20141006T000000,379900.0,2,1.5,1140,7620,1.0,0,0,4,6,1140,0,1925,0,98106,47.5277,-122.351,1300,7620,Highland Park,Seattle
2112700845,20140528T000000,270000.0,3,1.75,1300,4127,1.0,0,0,4,6,650,650,1918,1953,98106,47.5353,-122.352,1420,4000,Highland Park,Seattle
2922700155,20141125T000000,530000.0,4,2.5,2000,4700,1.5,0,0,4,7,1220,780,1944,0,98117,47.6902,-122.368,1560,4700,Whittier Heights,Seattle
1513800170,20150402T000000,392500.0,3,1.0,930,6572,1.0,0,0,3,7,930,0,1952,0,98115,47.6889,-122.301,960,5840,Wedgwood,Seattle
2887700826,20140529T000000,510000.0,3,1.5,2240,3800,2.0,0,0,3,8,1370,870,1929,0,98115,47.6887,-122.307,1690,4275,Wedgwood,Seattle
461002890,20140619T000000,499000.0,3,1.75,1840,5000,1.0,0,0,4,7,920,920,1910,0,98117,47.6808,-122.376,1220,5000,Whittier Heights,Seattle
2112700920,20141014T000000,285000.0,3,1.75,1630,4000,1.0,0,0,3,7,1100,530,1968,0,98106,47.5351,-122.353,1300,4000,Highland Park,Seattle
2922701305,20150402T000000,470000.0,2,1.75,1520,4220,1.0,0,0,4,7,840,680,1910,0,98117,47.6876,-122.366,1120,5700,Whittier Heights,Seattle
3298720010,20150412T000000,375000.0,4,2.75,1430,7403,1.0,0,0,3,7,1030,400,1982,0,98106,47.5346,-122.344,1480,7663,Highland Park,Seattle
2880100795,20141105T000000,650000.0,3,2.5,2350,3750,2.0,0,0,3,7,1740,610,2003,0,98117,47.6767,-122.365,1590,4700,Whittier Heights,Seattle
5652601155,20150415T000000,564000.0,4,1.75,1960,6138,1.0,0,0,4,7,1260,700,1960,0,98115,47.6968,-122.299,2000,7057,Wedgwood,Seattle
2880100675,20140514T000000,400000.0,2,1.0,980,2130,1.0,0,0,4,6,860,120,1918,0,98117,47.6769,-122.366,980,2800,Whittier Heights,Seattle
3052700225,20140814T000000,727160.0,7,3.75,2310,5000,2.0,0,0,3,8,2310,0,1984,0,98117,47.6781,-122.376,1360,1552,Whittier Heights,Seattle
461005435,20150202T000000,519000.0,3,1.75,2000,5680,1.0,0,0,4,7,1080,920,1903,0,98117,47.6805,-122.366,1230,4535,Whittier Heights,Seattle
6844701680,20150325T000000,455000.0,2,1.5,1260,5100,1.0,0,0,3,7,1260,0,1941,0,98115,47.6914,-122.288,1640,5100,Wedgwood,Seattle
2112700280,20140811T000000,295000.0,3,1.75,1440,4000,1.0,0,0,4,7,1050,390,1979,0,98106,47.5329,-122.354,1560,4000,Highland Park,Seattle
5101400461,20150417T000000,449000.0,4,2.0,1560,5220,1.0,0,0,3,7,1560,0,1959,0,98115,47.6905,-122.305,1300,5220,Wedgwood,Seattle
5370200170,20150217T000000,325000.0,2,1.0,1070,5080,1.0,0,0,5,6,1070,0,1942,0,98106,47.5224,-122.35,900,5080,Highland Park,Seattle
7831800460,20140502T000000,235000.0,2,1.0,1210,9400,1.0,0,0,2,6,1210,0,1949,0,98106,47.5342,-122.36,1580,6026,Highland Park,Seattle
9553200052,20140506T000000,345000.0,3,1.0,1110,6250,1.0,0,0,3,7,1110,0,1956,0,98115,47.6977,-122.292,2010,6944,Wedgwood,Seattle
1232000950,20150312T000000,532000.0,3,1.0,1110,4800,1.5,0,0,3,7,1110,0,1946,0,98117,47.6857,-122.378,1510,4320,Whittier Heights,Seattle
7748000020,20140621T000000,750000.0,3,1.75,2610,5544,1.5,0,0,3,8,1680,930,1934,0,98117,47.684,-122.376,1330,5074,Whittier Heights,Seattle
7519000225,20141030T000000,465000.0,3,1.0,1580,3774,1.5,0,0,3,6,1580,0,1900,0,98117,47.6839,-122.361,1580,3860,Whittier Heights,Seattle
7972601995,20140616T000000,245000.0,2,1.0,1200,4880,1.0,0,0,3,6,980,220,1943,0,98106,47.5276,-122.346,1040,4880,Highland Park,Seattle
2767600920,20141027T000000,465000.0,2,1.0,730,2600,1.0,0,0,4,6,730,0,1918,0,98107,47.6751,-122.379,1480,3900,Whittier Heights,Seattle
5101400561,20141015T000000,250000.0,2,1.0,890,6380,1.0,0,0,3,6,890,0,1951,0,98115,47.691,-122.303,990,6380,Wedgwood,Seattle
5652600605,20140807T000000,630000.0,5,2.0,2330,6783,1.0,0,0,3,7,1310,1020,1956,0,98115,47.6955,-122.295,1930,6783,Wedgwood,Seattle
3426049153,20141110T000000,438200.0,2,2.0,1600,5643,1.0,0,0,3,7,1600,0,1954,0,98115,47.6968,-122.279,1600,5746,Wedgwood,Seattle
3052700460,20140630T000000,544000.0,3,2.5,1460,1613,2.0,0,0,3,8,1180,280,2007,0,98117,47.6781,-122.375,1460,1403,Whittier Heights,Seattle
1513800080,20140825T000000,598000.0,4,2.5,2030,9825,1.0,0,0,3,8,1330,700,1985,0,98115,47.6892,-122.3,2180,7500,Wedgwood,Seattle
3298700305,20141229T000000,271000.0,2,1.0,710,4240,1.0,0,0,4,6,710,0,1942,0,98106,47.5226,-122.351,850,5200,Highland Park,Seattle
2114700500,20150418T000000,90000.0,1,1.0,560,4120,1.0,0,0,3,4,560,0,1947,0,98106,47.5335,-122.348,980,4120,Highland Park,Seattle
7972601100,20140923T000000,355000.0,3,1.75,1960,7705,1.0,0,0,4,7,980,980,1950,0,98106,47.53,-122.347,1380,4349,Highland Park,Seattle
2113700005,20150417T000000,283000.0,3,1.75,1830,7600,2.0,0,0,3,7,1490,340,1947,0,98106,47.5317,-122.351,1300,4000,Highland Park,Seattle
2877102330,20140516T000000,772000.0,4,2.5,2110,3750,2.0,0,0,3,8,2110,0,2000,0,98117,47.6789,-122.363,1700,5000,Whittier Heights,Seattle
446000010,20141119T000000,508500.0,4,1.5,1800,6750,1.5,0,0,4,7,1800,0,1950,0,98115,47.6868,-122.285,1420,5900,Wedgwood,Seattle
7588700007,20141124T000000,457000.0,3,1.0,1170,3348,1.5,0,0,4,7,1170,0,1924,0,98117,47.687,-122.378,1590,4219,Whittier Heights,Seattle
461001435,20140610T000000,566000.0,4,1.75,2440,5000,1.0,0,0,3,8,1340,1100,1954,0,98117,47.6823,-122.371,2170,5000,Whittier Heights,Seattle
7518503220,20141028T000000,520000.0,2,1.5,1840,3825,1.0,0,0,3,8,1040,800,1928,0,98117,47.6808,-122.38,1290,5100,Whittier Heights,Seattle
5652601330,20140604T000000,489000.0,3,1.5,1020,9072,1.0,0,0,3,7,920,100,1930,0,98115,47.695,-122.301,1620,7930,Wedgwood,Seattle
2215500080,20140528T000000,580000.0,5,2.0,1940,6000,1.0,0,0,5,7,970,970,1945,0,98115,47.6875,-122.287,1700,6000,Wedgwood,Seattle
2922703260,20140716T000000,469000.0,3,1.75,1680,2400,1.5,0,0,3,7,1170,510,1929,0,98117,47.6849,-122.367,1080,4560,Whittier Heights,Seattle
2112700185,20150325T000000,435000.0,3,2.5,3110,6000,1.0,0,2,3,8,1560,1550,1967,0,98106,47.5331,-122.353,2060,6000,Highland Park,Seattle
4305700086,20150410T000000,450500.0,2,1.0,1330,3698,1.0,0,0,3,7,1330,0,1952,0,98117,47.6866,-122.372,1900,5000,Whittier Heights,Seattle
7518501025,20150327T000000,580000.0,3,1.75,1970,5100,1.0,0,0,3,7,1130,840,1908,1965,98117,47.6831,-122.379,1250,4080,Whittier Heights,Seattle
2922703235,20141119T000000,290000.0,1,1.0,550,5700,1.0,0,0,2,6,550,0,1916,0,98117,47.6846,-122.366,1100,4560,Whittier Heights,Seattle
6392003810,20140523T000000,530000.0,4,1.75,1814,5000,1.0,0,0,4,7,944,870,1951,0,98115,47.684,-122.281,1290,5000,Wedgwood,Seattle
2919200440,20150407T000000,715000.0,4,2.5,1860,3840,1.5,0,0,3,7,1170,690,1928,2014,98117,47.6886,-122.359,1400,3840,Whittier Heights,Seattle
8815400020,20140724T000000,601000.0,4,1.75,1950,4200,1.0,0,0,5,7,1040,910,1951,0,98115,47.6755,-122.285,1450,5000,Wedgwood,Seattle
7518502210,20140530T000000,645500.0,2,1.0,1890,5202,1.5,0,0,4,7,1890,0,1909,0,98117,47.6786,-122.379,1670,5100,Whittier Heights,Seattle
6392002635,20140612T000000,594000.0,4,1.75,1870,5200,2.0,0,0,4,7,1200,670,1937,0,98115,47.6843,-122.283,1790,5000,Wedgwood,Seattle
2114700460,20140818T000000,249000.0,3,1.5,1070,5150,1.0,0,0,4,6,1070,0,1940,0,98106,47.5335,-122.349,1020,4800,Highland Park,Seattle
6392001810,20140904T000000,507000.0,3,1.0,1180,6000,1.0,0,0,3,7,1180,0,1950,0,98115,47.6853,-122.286,1680,6000,Wedgwood,Seattle
5075400150,20140523T000000,585000.0,3,2.0,1670,4572,1.5,0,0,3,8,1670,0,1931,0,98117,47.6854,-122.373,1480,4890,Whittier Heights,Seattle
7750500120,20141118T000000,300000.0,3,1.0,950,4760,1.5,0,0,3,6,950,0,1929,0,98106,47.5236,-122.348,1080,4760,Highland Park,Seattle
2922701175,20140919T000000,535000.0,2,1.5,1940,5700,1.0,0,0,3,7,970,970,1937,0,98117,47.6881,-122.367,1250,5700,Whittier Heights,Seattle
5210200081,20141110T000000,523000.0,3,1.0,1440,8681,1.5,0,0,3,7,1440,0,1937,0,98115,47.6976,-122.283,1700,7770,Wedgwood,Seattle
439000230,20150429T000000,805000.0,4,2.25,2440,9889,1.0,0,0,3,7,1540,900,1952,0,98115,47.6932,-122.3,1710,6284,Wedgwood,Seattle
3188100065,20140527T000000,405000.0,2,1.0,910,6490,1.0,0,0,3,7,910,0,1942,0,98115,47.6892,-122.306,1040,6490,Wedgwood,Seattle
5100400315,20140523T000000,379000.0,2,1.0,800,6380,1.0,0,2,3,7,800,0,1940,0,98115,47.691,-122.309,920,5940,Wedgwood,Seattle
4240400155,20140812T000000,600000.0,3,1.0,1440,4300,1.5,0,0,3,8,1440,0,1929,0,98117,47.6847,-122.372,1640,4500,Whittier Heights,Seattle
7589200153,20140609T000000,559000.0,3,1.5,2070,5386,1.0,0,0,4,7,1140,930,1948,0,98117,47.6896,-122.374,1770,5386,Whittier Heights,Seattle
9485700150,20150304T000000,275000.0,2,1.0,920,7688,1.0,0,0,3,6,920,0,1955,0,98106,47.5281,-122.362,1040,7440,Highland Park,Seattle
6392002550,20141022T000000,970000.0,3,2.25,3400,10000,2.0,0,0,3,10,3400,0,1983,0,98115,47.6846,-122.284,1860,5100,Wedgwood,Seattle
9376301591,20150414T000000,580000.0,3,1.75,1570,2600,1.5,0,0,4,8,1570,0,1931,0,98117,47.6867,-122.37,1490,4000,Whittier Heights,Seattle
7589200165,20150107T000000,515000.0,3,2.5,1820,5280,1.0,0,0,4,7,910,910,1949,0,98117,47.6892,-122.375,1600,4820,Whittier Heights,Seattle
7831800495,20141002T000000,346500.0,4,2.5,2150,5100,1.5,0,0,3,7,1290,860,1991,0,98106,47.5338,-122.36,1920,5100,Highland Park,Seattle
5075400035,20140627T000000,280000.0,1,1.0,690,1950,1.0,0,0,3,6,690,0,1928,0,98117,47.6849,-122.374,1650,4864,Whittier Heights,Seattle
3052700921,20150211T000000,900000.0,6,3.0,2620,4350,1.0,0,0,3,7,1760,860,1957,0,98117,47.678,-122.373,1760,4300,Whittier Heights,Seattle
546000245,20140716T000000,549900.0,3,1.5,1380,3031,1.5,0,0,4,7,1380,0,1929,0,98117,47.6889,-122.38,1440,4005,Whittier Heights,Seattle
5210200184,20140606T000000,452000.0,2,1.75,1740,5400,1.0,0,0,4,7,990,750,1946,0,98115,47.6971,-122.282,1980,5400,Wedgwood,Seattle
7831800110,20150115T000000,215000.0,3,1.0,1210,7175,1.0,0,0,3,7,1210,0,1918,0,98106,47.5339,-122.356,1640,5850,Highland Park,Seattle
441000115,20141209T000000,470000.0,2,1.0,900,5512,1.0,0,0,3,7,900,0,1947,0,98115,47.6877,-122.289,1270,5512,Wedgwood,Seattle
4302200625,20140924T000000,335000.0,3,1.75,1790,5120,1.0,0,0,4,6,940,850,1949,0,98106,47.5277,-122.355,1160,5120,Highland Park,Seattle
7519001321,20150210T000000,545000.0,4,2.0,1700,2350,1.0,0,0,3,6,850,850,1926,2014,98117,47.6865,-122.366,1600,4160,Whittier Heights,Seattle
8641500252,20150227T000000,403000.0,3,2.5,1502,1400,3.0,0,0,3,7,1502,0,2005,0,98115,47.6951,-122.305,1377,1466,Wedgwood,Seattle
3438502731,20150401T000000,323000.0,3,1.5,1720,7110,1.0,0,0,3,8,1720,0,1955,0,98106,47.5417,-122.355,1730,6840,Highland Park,Seattle
2215500230,20140825T000000,615750.0,4,2.0,2140,6360,2.0,0,0,3,7,1840,300,1945,0,98115,47.687,-122.286,1690,6360,Wedgwood,Seattle
5652600556,20141028T000000,397380.0,2,1.0,1030,5072,1.0,0,0,3,6,1030,0,1924,1958,98115,47.6962,-122.294,1220,6781,Wedgwood,Seattle
2112701165,20150408T000000,285000.0,4,1.0,1430,3600,1.0,0,0,3,6,980,450,1947,0,98106,47.5343,-122.355,1170,4000,Highland Park,Seattle
2922701085,20150327T000000,543000.0,2,1.0,1070,4700,1.0,0,0,5,7,1070,0,1910,0,98117,47.6887,-122.368,1370,4700,Whittier Heights,Seattle
2114700384,20150427T000000,280000.0,3,2.5,1020,2217,2.0,0,0,3,7,720,300,2004,0,98106,47.5343,-122.348,1060,1524,Highland Park,Seattle
5652601140,20141014T000000,640000.0,4,2.75,3150,7379,1.5,0,0,4,7,2430,720,1915,0,98115,47.6968,-122.3,1990,7379,Wedgwood,Seattle
7972602490,20141212T000000,220000.0,5,2.5,1760,10200,1.5,0,0,3,6,1760,0,1925,0,98106,47.5271,-122.351,1370,7620,Highland Park,Seattle
7977200945,20150310T000000,425000.0,3,1.0,1000,5100,1.0,0,0,3,7,860,140,1946,0,98115,47.6857,-122.293,1000,5100,Wedgwood,Seattle
2114700615,20140708T000000,148000.0,2,1.0,630,4200,1.0,0,0,3,6,630,0,1930,0,98106,47.5329,-122.348,970,4200,Highland Park,Seattle
7899800586,20150409T000000,372000.0,4,1.0,2300,7680,1.0,0,0,3,7,1270,1030,1959,0,98106,47.524,-122.359,1840,5120,Highland Park,Seattle
7977201709,20150323T000000,475000.0,3,1.75,1680,3420,1.0,0,0,3,7,960,720,1992,0,98115,47.6855,-122.291,1680,4080,Wedgwood,Seattle
2114700090,20150301T000000,151000.0,2,0.75,720,5040,1.0,0,0,3,4,720,0,1949,0,98106,47.5323,-122.347,1290,4120,Highland Park,Seattle
3052700245,20150325T000000,750000.0,4,2.0,2640,5000,2.0,0,0,3,7,2040,600,1949,0,98117,47.678,-122.375,1330,5000,Whittier Heights,Seattle
2922700865,20150326T000000,771000.0,4,2.0,2220,3760,1.5,0,0,4,7,1370,850,1929,0,98117,47.6876,-122.368,1620,3760,Whittier Heights,Seattle
442000175,20150331T000000,515000.0,2,1.0,1150,5664,1.0,0,0,3,7,870,280,1948,0,98115,47.6894,-122.284,1380,5664,Wedgwood,Seattle
9376301800,20150324T000000,724950.0,4,1.75,1960,4340,1.0,0,0,5,8,980,980,1912,0,98117,47.6847,-122.37,1630,4360,Whittier Heights,Seattle
6392000625,20140712T000000,451000.0,2,1.0,900,6000,1.0,0,0,3,7,900,0,1944,2004,98115,47.6855,-122.289,1460,4800,Wedgwood,Seattle
2114700368,20141118T000000,299000.0,2,2.5,1400,1262,2.0,0,0,3,8,1160,240,2008,0,98106,47.5342,-122.349,1060,1524,Highland Park,Seattle
7899800791,20141023T000000,230000.0,3,2.0,1160,1174,2.0,0,0,3,7,790,370,2007,0,98106,47.5225,-122.357,1160,994,Highland Park,Seattle
5363200100,20141020T000000,897000.0,4,2.5,2820,6120,2.0,0,0,3,9,2820,0,2014,0,98115,47.6911,-122.293,1510,6120,Wedgwood,Seattle
3052700464,20141024T000000,475000.0,3,2.25,1380,1621,2.0,0,0,3,8,1140,240,2007,0,98117,47.678,-122.375,1460,1403,Whittier Heights,Seattle
7899800851,20150423T000000,300500.0,2,1.5,1190,801,3.0,0,0,3,8,1190,0,2010,0,98106,47.5212,-122.358,1190,810,Highland Park,Seattle
2919700735,20150427T000000,870000.0,4,3.5,2780,3100,2.0,0,0,3,8,2120,660,2014,0,98117,47.6886,-122.364,1740,3600,Whittier Heights,Seattle
3052700472,20140813T000000,499000.0,3,2.5,1460,1614,2.0,0,0,3,8,1180,280,2007,0,98117,47.6781,-122.374,1380,1402,Whittier Heights,Seattle
7519001068,20140527T000000,460000.0,3,3.5,1600,1431,2.0,0,0,3,8,1240,360,2006,0,98117,47.6865,-122.363,1500,4120,Whittier Heights,Seattle
461003835,20141218T000000,825000.0,3,3.5,2670,3000,2.0,0,0,3,9,1870,800,2014,0,98117,47.6813,-122.372,1750,5000,Whittier Heights,Seattle
6844700575,20141010T000000,799000.0,3,2.0,2550,4794,2.0,0,0,3,9,2550,0,2007,0,98115,47.6955,-122.29,1630,5100,Wedgwood,Seattle
2028700570,20141125T000000,560000.0,3,3.25,1530,1786,2.0,0,0,3,8,1200,330,2007,0,98117,47.6783,-122.366,1390,2900,Whittier Heights,Seattle
7589700055,20140611T000000,545000.0,2,1.25,1240,2150,2.0,0,0,3,8,1240,0,2014,0,98117,47.6884,-122.374,1340,5289,Whittier Heights,Seattle
2114700374,20150413T000000,357500.0,3,3.0,1730,1442,2.0,0,0,3,8,1440,290,2008,0,98106,47.5344,-122.348,1370,1524,Highland Park,Seattle
3052700385,20150414T000000,765000.0,4,2.25,2030,2222,2.0,0,0,3,9,1610,420,2015,0,98117,47.679,-122.375,1420,2222,Whittier Heights,Seattle
880000211,20140821T000000,255000.0,3,1.75,1260,1133,2.0,0,0,3,7,810,450,2011,0,98106,47.5261,-122.361,1260,1172,Highland Park,Seattle
3052700419,20140616T000000,468500.0,3,2.5,1350,1186,2.0,0,0,3,8,1120,230,2007,0,98117,47.6786,-122.375,1500,1605,Whittier Heights,Seattle
3052700213,20140829T000000,461100.0,2,2.25,1210,1267,2.0,0,0,3,8,1120,90,2010,0,98117,47.6783,-122.376,1360,1349,Whittier Heights,Seattle
3624039183,20140609T000000,315000.0,3,2.5,1480,1590,2.0,0,0,3,8,1150,330,2010,0,98106,47.5302,-122.362,1480,5761,Highland Park,Seattle
880000205,20140729T000000,249000.0,3,2.0,1260,1125,2.0,0,0,3,7,810,450,2011,0,98106,47.5262,-122.361,1260,1172,Highland Park,Seattle
3052700432,20141112T000000,490000.0,3,2.25,1500,1290,2.0,0,0,3,8,1220,280,2006,0,98117,47.6785,-122.375,1460,1375,Whittier Heights,Seattle
